,01.NTTdocomo,02.サッポロファクトリー,03.サッポロガーデンパーク,04.愛生舘ビル,05.デ・アウネさっぽろビル,07.富士メガネ円山店,08.グランドメルキュール札幌大通公園,09.札幌医科大学 国際医学交流センター,10.ANAクラウンプラザホテル札幌,11.さっぽろ東急百貨店,12.プライムパーク円山公園,13.大通西8丁目エフロクマル前,14.南1条通大丸藤井セントラル前,15.南1条通JCB札幌東ビル前,17.札幌開発建設部,18.石山通プリンスホテル前,19.北1条通西4丁目,20.北1条通アーバンネット札幌ビル前南側,21.北海道庁別館西棟,22.札幌パークホテル,26.桑園ウエストプラザ,27.札幌総合法律事務所,28.桑園北5条通,29.北大工学部,30.セントラル札幌北ビル,31.札幌駅北口広場北西角,32.札幌第一合同庁舎前,34.駅前通sitatte sapporo前,35.駅前通MMS札幌駅前ビル前,36.北3条通苗穂駅前,39.札幌市民ギャラリー,40.札幌市役所,42.南1条通NTT東日本札幌病院前,43.大通西28丁目円山公園入口,45.駅前通南9条,46.りんゆう観光,47.北海道庁赤れんが庁舎前,48.サツドラ本社前,49.ローソン札幌桑園店,50.ローソン札幌北6条西十四丁目店,51.ローソン札幌北6条西二十丁目店,52.UR札幌北一条前,53.駅前通大通ビッセ前,54.駅前通札幌大通西4ビル前,55.西2丁目線H&Bプラザビル前,56.西2丁目線丸井今井前,57.西2丁目線NBF札幌南二条ビル前,58.札幌駅西口ヨドバシカメラ前,59.駅前通miredo前,60.イオン札幌桑園ショッピングセンター,61.まいばすけっと北5条西22丁目店,62.中島公園南9条公園内駐輪場前,63.NX商事知事公館前ビル前,64.まいばすけっと北11条西4丁目店,65.コープさっぽろそうえん店,67.札幌三越,68.エアリービル,69.札幌駅北口さつきた8・1前,70.カナモトホール,71.北ガスアリーナ札幌46,72.大通東４丁目北海道新聞社前,73.札幌TRビル
01.NTTdocomo,0.0,2248.9497245771545,3608.8894867761023,1435.0148907340574,3011.826496385574,1830.0819729025943,386.0980266036795,857.4954166914149,2073.3511504116777,1872.834334783287,1786.5730856940459,979.355958550299,1753.35099721771,2016.1756692278977,837.2660679301982,835.510059610725,1286.0536428170547,1031.566476675892,1176.9337727340644,2857.0573577035752,1565.3221301356489,853.1534441778354,911.156349624913,2684.937804812985,2813.0412086553074,2168.3991409409227,2295.8113633847483,1550.9662337224934,1673.8702577765114,3341.1201416034273,2690.735743232013,1485.8949176430654,600.8356016690591,1985.0682719842152,2587.6659448085525,2853.526911612064,1283.0906124172925,2983.371223701975,1565.3221301356489,783.0654898886936,1677.1239685150374,707.2625420122232,1422.074624715449,1410.6580322932464,2143.4881138267824,1756.3418839143014,1949.4576940570757,1942.2045499852802,1550.9662337224934,1171.1222529849613,1572.749004712051,2600.121828469048,513.7086537367941,2620.9302142609667,2310.104384384956,1569.0566049278925,1490.2274611051077,2425.8356854755257,1676.6750236117714,2685.457402628349,2368.5383411635576,2070.3247921614816
02.サッポロファクトリー,2249.0567026888007,0.0,1359.9397621989474,1610.153607269644,1066.1579711672894,4079.138675591395,1862.958676085121,3095.74763844551,959.5405203546168,1160.0573359830078,4035.6297883828465,1678.6551566236772,1161.3078511750437,898.483179164856,3086.3227706189996,2339.598545319876,962.8960817601,1229.057877116895,1861.7544885297887,1969.7265221535047,3526.4496901388693,2576.692373677183,3156.78140764832,2617.938578756202,2235.4720240811944,1845.820264232534,1718.4080417887083,1214.3648550905164,1359.0214129897834,1092.1704170262722,464.21930840265816,763.0548069340894,2838.6704168285514,4228.824128949231,2001.3378986144892,1428.4007787064395,1215.5646276598134,1064.046897047897,3526.4496901388693,3011.0976177830353,3908.5217186558416,1665.899967581292,1085.258082215135,1248.855757507383,1287.765273956751,901.2475470028045,1095.4534934119424,1873.4172569975078,1214.3648550905164,3385.6400449005964,3821.805707400852,2141.3673562341914,2759.333711760201,2298.367482768772,4534.575219010153,1220.4265474548347,3707.023711073849,1598.6254147391019,828.1330583402388,731.6909476821731,409.76864628450744,1225.1197332724614
03.サッポロガーデンパーク,3585.3887687869055,1359.9397621989474,0.0,2963.049747758428,651.4029517235692,5403.25367579188,3199.290742183226,4439.828362740998,1509.7338732796707,1710.245102553993,5360.9261755571415,3022.7358809191655,2516.658374246215,2254.4625740355723,4299.104206338271,3691.2497080316152,2306.7736031428385,2554.3833767282567,2411.9422551007738,3179.2133434116367,3392.2384746374746,2768.542630655868,3446.6763104637175,2144.3716561126794,1761.9051014376714,1464.7940946384074,1337.3818721945815,2033.8051183636167,1909.2091795607687,1407.7730671865604,1585.3664625164472,2107.500215276723,4182.751141124039,5558.239974873501,3210.8247198726212,1035.125380337357,2301.3068526299858,649.8220118773552,3392.2384746374746,3091.476175270045,3861.0320149856543,3002.2320336793973,2429.135603597874,2599.8535374899807,2568.3749931105117,2252.2453269854022,2450.8040164831136,1712.0513580322188,2033.8051183636167,3338.150341230409,4116.708692548368,3350.8541774923233,3587.0137975433986,1856.916611896534,4485.449015125905,2571.424327437432,3659.534007403662,1207.3575501038044,2172.578466682872,954.5369831225412,1769.708408483455,1510.7754996984224
04.愛生舘ビル,1435.561781870693,1621.0988469148742,2980.859166505622,0.0,2397.040961893966,2975.2872333047003,1049.4637552670135,1607.7782281461655,1455.9990786819335,1257.4342028294866,2789.2925990598255,455.07515593198247,459.16769261172993,721.9923646219177,2249.930726648966,731.1851358991047,662.0815224013397,415.5629562987879,1059.3338852579247,1513.3227190020864,2724.6245256087363,1770.0284255427462,2346.639698787644,2358.5217136207725,2475.1435337291778,1830.5014660147929,1957.9136884586187,935.6995013446355,1061.6632120665408,2610.5257380356243,1403.368165322447,860.2316188112413,1350.7010065292068,2973.2523868706353,1216.595728868797,2268.1280732191744,668.6394803970591,2394.9298877745737,2724.6245256087363,2209.272453252903,3089.748250024071,732.8644729508017,541.080846747782,529.6642543255791,714.4266065027058,875.3481059466344,655.2743894510955,1583.2442026209815,935.6995013446355,2583.8148803704635,2985.3732862210845,1256.3871897675592,1949.1920028995255,2283.0486845510304,3722.72866589399,395.4341259812395,2905.1985465437165,1848.120438312096,795.6812456441043,2068.0910640919806,1210.7068975022662,1458.117746451511
05.デ・アウネさっぽろビル,3016.114973312576,1066.1579711672894,651.4029517235692,2393.775952284098,0.0,4833.97988031755,2630.0169467088963,3870.5545672666685,940.4600778053401,1140.9713070796627,4791.652380082812,2453.462085444836,1947.3845787718842,1685.1790388622924,3729.8304108639404,3121.9759125572855,1737.4998076685083,1985.109581253927,1842.6684596264438,2876.9490473320975,3002.4250710698725,2294.2016561335654,2877.402514989387,1824.3319457837008,1441.8653911086928,1074.9806910708048,947.568468626979,1464.531322889286,1339.9353840864383,1431.4271307417578,1465.3474810183573,1538.2264198023922,3613.47734564971,4988.966179399171,2908.560423793082,646.442449045534,1732.0330571556558,260.0086083097525,3002.4250710698725,2701.662771702443,3471.218611418052,2432.9582382050676,1859.8618081235431,2030.57974201565,2074.687566971472,1682.9715315110716,1881.530221008783,1322.2379544646162,1464.531322889286,2948.336937662807,3547.4348970740375,3048.589881412784,3017.740002069068,1507.1412606207869,4095.635611558304,2002.1505319631017,3269.72060383606,817.5441465362018,1603.3046712085415,484.4336087888614,1233.333957079283,941.501704224092
07.富士メガネ円山店,1830.0819729025945,4079.031697479749,5438.971459678696,2980.3231391023164,4829.938054749,0.0,2216.179999506274,1364.7283393409075,3903.4331233142725,3702.9163076858813,188.78671217451307,2677.027589153258,3299.4885193205764,3562.3131913307643,1121.9654091484167,2375.795460633789,3116.1356157196487,2861.648449578486,3007.0157456366587,4076.5829708170336,2971.694241031634,2663.296957149433,1957.7587523019731,4492.775361465706,4620.878765308028,3976.236697593644,4103.64892003747,3381.048206625088,3503.952230679106,5171.202114506022,4243.688992031294,3315.976890545659,1621.8055609578662,154.98629908162115,3896.2674155287964,4661.364468264786,3113.172585319887,4791.2087803546965,2971.694241031634,2339.6173215367266,1631.6341688096288,2537.3445149148174,3126.7687068588784,3115.3521144366755,3689.6256359296485,3461.0359660577305,3495.595216159942,3757.1772762310484,3381.048206625088,2571.2630850970063,1287.7263702173225,3819.6474415825064,1820.3805139978258,4428.767770913688,1808.1715865229992,3132.8799175235617,2198.0586159740187,4233.673242128247,3381.3691057552005,4515.539375530942,4051.027724211113,3888.4363505249084
08.グランドメルキュール札幌大通公園,386.0980266036795,1862.8516979734745,3222.791460172422,1048.916864130378,2625.7284697818945,2216.179999506274,0.0,1242.3411274184732,1687.2531238079985,1486.7363081796075,2172.671112297725,593.2579319466195,1367.2529706140306,1630.0776426242182,1223.3640945338775,493.7624727090904,899.9556162133752,645.4684500722128,790.835746130385,2517.7623265526818,1686.7237690516736,721.19732599916,1297.254376228593,2304.7957163205624,2432.899120162884,1788.2570524484995,1915.6692748923253,1164.8682071188143,1287.7722311728319,2955.022114999747,2304.6377166283337,1099.7968910393856,985.2639058015147,2371.166298587895,2248.3709136576595,2473.3848231196407,896.9925858136133,2603.2291352095517,1686.7237690516736,1169.1635164923734,2063.2219951187167,321.1645154085438,1035.9765981117696,1024.5600056895669,1757.390087223103,1370.243857310622,1563.3596674533962,1556.1065233816007,1164.8682071188143,1545.9141238134005,1958.84703131573,2260.8267973181546,899.8066803404736,2240.788125768544,2694.849297922958,1182.958578324213,1867.2977899866535,2045.6935969831025,1290.576997008092,2299.3593760246695,1982.4403145598783,1684.226765557802
09.札幌医科大学 国際医学交流センター,855.3821663754509,3085.0881714354564,4445.027933634404,1615.594799761408,3847.964943243875,1367.509005158534,1222.2364734619803,0.0,2909.489597269979,2708.972781641588,1181.51437091366,1415.2579325535235,1934.7601799796682,2197.584851989856,642.1524985027997,1011.0671212928812,2122.192089675356,1867.7049235341933,2013.0722195923656,2975.0766420183495,2176.70698721587,1705.0420494778496,1004.1243204900289,3527.032189782543,3655.1355936248647,3010.49352591048,3137.9057483543056,2387.1046805807946,2510.0087046348126,4086.1182254035625,2878.9606526903854,2322.0333645013666,257.0772216169585,1365.4741587244696,2705.6852291233263,3695.621296581621,2119.2290592755935,3825.465608671532,2176.70698721587,1389.444856117077,1481.9700218779046,1425.2933268167053,2007.1992616869657,1995.782669264763,2324.89729658874,2341.4665208858178,2130.8668768190337,2778.342996843581,2387.1046805807946,1776.2758312812423,1377.5950580749181,2718.1411127838223,863.8235092471236,3463.0245992305245,2114.950437747823,1871.0266133491778,1328.010364208426,3267.930070445083,2261.7996605832877,3521.59584948665,2686.299384870204,2906.463239019783
10.ANAクラウンプラザホテル札幌,2076.623119158281,959.5405203546168,1567.9341724358978,1454.2840981298032,941.0418832120324,3906.705092060875,1690.5250925546013,2931.0627131123733,0.0,200.516815628391,3863.1962048523264,1513.9702312905404,1007.8927246175895,815.9115650564354,2913.8891870884795,2182.4840584029903,798.0079535142129,1045.6177270996318,902.2139681751714,2068.888032414962,2566.9091697842523,1617.151853322566,2200.352712178387,1678.008127481675,1292.7274484070833,902.9098255803506,775.4976031365248,525.0394687349908,399.48089263516636,1592.7247706806677,1413.2163501332122,598.7345656480971,2673.985491495415,4061.6913911424963,2100.4994088759463,812.1289945372409,792.5412030013606,938.93080909264,2566.9091697842523,2051.557097428419,2948.981198301225,1493.4663840507724,920.369953969248,1091.0878878613553,1136.068786624195,743.4796773567767,942.0383668544883,914.0098079513798,525.0394687349908,2426.0995245459794,2870.385094263037,2240.5288664956483,2336.310287101748,1355.4570441165881,3575.034698655537,1062.6586778088067,2747.483190719232,655.7149760869185,663.8128170542466,613.3971893133564,1091.018948064757,265.71228422633345
11.さっぽろ東急百貨店,1876.3518030502585,1158.7506781068905,1768.450988064289,1256.1980684751252,1141.5586988404234,3706.433775952852,1490.2537764465792,2730.791397004351,200.51681562839102,0.0,3662.9248887443036,1313.6989151825182,941.9310114582802,942.7946288660012,2713.6178709804567,1982.2127422949677,597.9571904424959,845.3464109916097,701.6971525467806,2114.6720414059214,2366.392354155861,1416.6350376941748,1999.8358965499958,1489.6283044056995,1356.3021136004197,961.6080567997199,839.0722683298613,324.92739094491156,198.96407700677543,1793.241586309059,1611.9118235151789,532.772852488788,2473.7141753873925,3861.4200750344735,1962.9727408201445,1012.6458101656319,592.2698868933385,1139.447624721031,2366.392354155861,1851.040281800028,2748.464382672834,1293.1950679427503,720.3191908975309,895.7303811625227,1070.1070734648856,677.5179641974676,876.0766536951791,714.3507934059085,324.92739094491156,2225.582708917588,2669.8682786346462,2103.51725539358,2136.0389709937253,1414.1552753359576,3374.517883027146,867.3011711099742,2546.966375090841,719.2896412802551,597.8511038949374,813.9140049417476,1289.7144214467237,329.2869494196699
12.プライムパーク円山公園,1786.4138833744848,4035.363607951639,5395.3033701505865,2792.20421905218,4786.429167540452,188.78671217451307,2172.511909978164,1176.6094192907717,3859.765033786163,3659.2482181577716,0.0,2488.9086691031225,3111.3695992704406,3374.1942712806285,1078.297319620307,2187.6765405836536,3072.467526191539,2817.9803600503765,2963.347656108549,3887.7962586425206,2997.5851218213334,2619.7880699408847,1914.2498650934244,4449.266474257157,4577.369878099478,3932.7278103850945,4060.14003282892,3337.380117096978,3460.284141150996,5127.534024977912,4055.5700719811584,3272.3088010175493,1433.6866409077304,203.92669263247183,3707.4807033542834,4617.855581056237,3069.504495791777,4747.699893146147,2997.5851218213334,2296.1084343281773,1589.5917569064559,2377.0066386343988,2958.9125735046596,2947.4959810824566,3501.5067158795127,3293.1798327035117,3307.4762961098063,3713.6683890225,3337.380117096978,2597.1539658867055,1244.2174830087738,3630.8607294079934,1776.8716267892773,4385.258883705139,1834.0624673126983,2944.7609974734264,2156.016204070846,4190.164354919697,3213.5129724009817,4471.871286002833,3862.908804160977,3844.92746331636
13.大通西8丁目エフロクマル前,984.5788108734755,1684.3594408271038,3044.299203026051,455.65893218375834,2449.173608517834,2547.005364899676,598.953832427363,1417.0924818218327,1510.6982625439377,1310.1814469155468,2366.209184514744,0.0,773.9950386674109,1036.8197106775986,1818.9104451362891,668.5138271124499,723.1545374831131,468.9135888081519,614.2808848663243,1956.4811293927958,2280.314853783624,1319.5185027030955,1895.7351604983885,2153.2884581845346,2271.450993225736,1626.8089255113514,1754.2211479551772,988.3133458547534,1111.2173699087712,2776.5298578533757,1718.195511378128,921.3046338930147,1160.0152602048743,2550.1689723255536,1659.754139259507,2311.9366961824926,720.4377245495524,2441.7810082724036,2280.314853783624,1764.962781427791,2658.7683457211283,277.7893170188192,602.1538618295554,590.7372694073525,1164.132155276483,936.4211210284078,970.1017355067764,1379.55166211754,988.3133458547534,2139.505208545351,2554.393381918142,1699.5456001582688,1498.2874646102694,2079.356144047589,3288.4403826549087,591.3776130149885,2460.888874718604,1884.2454700459543,856.7542607258777,2122.8045147606085,1525.5342435579469,1507.6719042937414
14.南1条通大丸藤井セントラル前,1755.9544159925206,1161.9311543031445,2521.691473893892,448.84575609460023,1946.73720441886,3305.0982123492167,1369.856389388841,1937.5892071906824,1005.6953212068275,807.1304453543808,3119.1035781043415,775.7460533678759,0.0,262.8246720101877,2579.741705693482,1178.2906941448318,478.3639223273425,735.9555904206153,1379.7265193797523,1434.7020845501077,3045.0171597305634,2090.4210596645735,2667.0323329094717,2169.5280743518906,2036.2018835466113,1641.5078267459107,1518.9720382760524,731.4460646640937,877.9456119925436,2151.3580454238945,944.2004727107171,409.9278613361356,1680.511985573724,3303.0633659151513,1152.8919054837743,1817.8243157440686,731.6872302150773,1944.6261302994676,3045.0171597305634,2529.6650873747294,3419.5592290685872,1053.5353703866951,357.3632466737848,345.94665425158195,390.1371166090721,425.0443484715287,196.10669683936555,1394.2505633520993,731.4460646640937,2904.2075144922906,3315.184265265601,1293.43642005721,2269.5846370213526,2094.0550452821485,4052.539644938506,211.71652590724233,3225.591180665543,1399.189411226446,345.3774881689985,1617.7873066168747,751.5392048905361,1009.186719365861
15.南1条通JCB札幌東ビル前,2018.7790880027085,899.1064822929568,2258.8668018837047,711.6704281047879,1685.2861890269432,3567.9228843594046,1632.681061399029,2200.4138792008703,744.2443058149107,941.7467911099432,3381.9282501145294,1038.5707253780638,262.8246720101877,0.0,2842.56637770367,1441.1153661550195,740.5570396595425,998.7802624308031,1641.7889977082511,1328.8321106990306,3306.4841993173313,2353.2457316747614,2929.8570049196596,2422.2524332965854,2036.9717542219944,1647.1541313952614,1519.7419089514356,992.025812989959,1139.0559221682456,1888.5333734137068,681.3758007005297,540.7157648335319,1943.3366575839118,3565.888037925339,1355.236817146392,1556.3733003521518,993.2255855592559,1683.1751149075508,3306.4841993173313,2791.1321269614973,3682.383901078775,1316.360042396883,620.1879186839725,608.7713262617697,389.50852810917945,262.02568033584237,196.97031424708655,1654.4426385673785,992.025812989959,3165.6745540790585,3578.008937275789,1495.7813317198277,2532.4093090315405,2099.701349931499,4314.609728188615,474.54119791743005,3487.058220252311,1399.9592819018292,605.7940162396814,1356.3362912249577,488.7145328803485,1009.9565900412442
17.札幌開発建設部,837.2660679301982,3086.2157925073534,4335.617314380352,2257.747298264208,3722.2186205784233,1121.9654091484167,1223.3640945338775,642.1524985027999,2910.617218341876,2710.100402713485,1078.4565219398683,1816.622026480497,2576.9126784824684,2839.7373504926563,0.0,1653.2196197956814,2123.319710747253,1868.8325446060906,2014.1998406642629,3617.2291405211486,2021.8932021725675,1555.577522978856,852.631775630345,3387.3618836140067,3515.4652874563285,2870.823219741944,2998.2354421857694,2388.2323016526925,2511.1363257067096,4178.386209533626,3521.1131511931862,2323.1609855732636,899.2297201197584,1276.9517082300376,3347.8377276261253,3555.950990413085,2120.356680347491,3685.795302502996,2021.8932021725675,1238.187922028763,851.5100931044985,1544.5286099424216,2259.3406926456473,2247.9241002234444,2967.0497950915405,2593.6079518444994,2773.019375321834,2649.457842060471,2388.2323016526925,1621.4620462379396,747.1351293015124,3360.2936112866214,712.6610798272485,3323.3542930619883,1486.998563838554,2406.3226728580908,1171.0470025155394,3128.259764276547,2513.9410915419694,3522.723470558547,3205.804409093756,2780.7169163543313
18.石山通プリンスホテル前,837.2215284402728,2339.5318062443293,3662.711571007417,731.4770473235772,3102.408578052748,2371.399340127004,476.6801082708534,1003.8903349684695,2163.9332320788517,1963.416416450461,2185.4047058821293,669.4070018739213,1184.301095419301,1446.910340807583,1646.0428334712694,0.0,1376.6357244842286,1122.148558343066,1267.5158544012384,2057.289006185204,2145.0405143464086,1197.8774342700133,1748.1324470698419,2781.4758245914154,2909.579228433737,2264.9371607193525,2392.349383163178,1641.5483153896673,1764.4523394436853,3273.286098017026,2126.1314770029107,1576.4769993102393,746.8131133515109,2369.364493692939,1787.8975932901812,2950.0649313904937,1373.6726940844665,3079.9092434804047,2145.0405143464086,1620.287018328966,2485.8603568463745,679.7369616255785,1261.6428964958388,1250.2263040736361,1316.6280493447066,1595.9101556946912,1380.4077922586666,2032.7866316524542,1641.5483153896673,2004.2308691081355,2381.4853930433883,1800.3534769506768,1350.9301821770666,2717.468234039397,3118.840772716294,1125.1756826695757,2325.6145352813883,2522.3737052539554,1516.2432953921611,2776.039484295523,1935.6248736879315,2160.9068738286555
19.北1条通西4丁目,1286.1606209287,962.8960817601,2322.8358439590475,658.2408780326292,1736.650617908735,3116.242593831294,900.0625943250205,2136.0849489782217,795.6087346967025,596.5158525521485,3072.7337066227456,718.9924671563888,477.3472276191032,740.1718996292909,2123.426688858898,1387.5062942688385,0.0,266.1617953567951,902.3147652052061,1687.5820358480948,2567.009966814287,1617.2526503526008,2194.5400878762407,1696.4401912194328,1813.0620113278376,1168.4199436134531,1295.832166057279,273.6179789432958,399.58168966520105,2055.0664987863724,1411.1586057190236,199.84127482601062,1879.007727361263,3269.161439481942,1385.1510371250736,1607.7377292339436,253.32330788773476,1734.5395437893426,2567.009966814287,2051.657894458454,2949.08199533126,703.003885821192,142.49748720246,317.90867746745187,867.4843442281754,476.76474640131244,673.4539244584688,921.1626802196417,273.6179789432958,2426.200321576014,2858.909625640751,1525.6955516985092,1797.092391988122,1620.967162149691,3575.135495685572,289.4794674149034,2747.583987749267,1186.0389159107563,397.0978860987823,1407.7007201067495,1088.9612036505685,796.0362240501712
20.北1条通アーバンネット札幌ビル前南側,1043.0567668085068,1217.3832479012626,2577.3230101002105,415.562956298788,1984.3932121113126,2873.1387397111016,656.9587402048273,1893.40702724438,1043.3513288992801,843.850019012325,2829.629852502553,476.3145454225475,731.8343937602656,994.6590657704533,1880.322834738705,1144.828372534997,254.4871661411624,0.0,643.8538205956592,1928.8856753008738,2309.14446094647,1359.3442851542725,1935.9555583991712,1943.7743576796092,2060.3961777880145,1415.7541100736296,1543.1663325174554,520.9521454034722,646.9158561253774,2309.553664927535,1665.6457718601864,454.32844096717304,1636.3298056274216,3026.4835177481013,1632.158685167585,1855.480323436521,253.07652409827116,1982.28213799192,2309.14446094647,1793.792388590637,2691.2164894634434,459.90003170099857,396.9846533436224,391.1550760003556,1121.9715103693377,731.2519125424749,927.9410905996311,1168.4968466798182,520.9521454034722,2168.3348157081973,2604.868383806176,1671.9501460663469,1538.5078625110518,1868.3013286098674,3317.269989817755,543.9666335560657,2489.71848188145,1433.3730823709325,651.5850522399447,1655.4433143093272,1343.4483697917315,1043.3703905103475
21.北海道庁別館西棟,1176.9337727340644,1860.4478306536712,2470.1481406110697,1060.9463270948302,1840.6893141490673,3007.0157456366587,790.835746130385,2031.3733666881571,902.2139681751717,701.6971525467806,2963.50685842811,614.2808848663242,1375.0121517966684,1637.836823806856,2014.1998406642626,1282.7947119787739,897.6649241775651,645.3833707960421,0.0,2570.762014259121,1666.0339689173002,716.2766524556138,1299.4775113114351,1544.5552963678156,1662.7178314090172,1018.0757636946325,1145.4879861384584,650.1883961733777,502.7330755400052,2494.93873885584,2308.823529896589,1097.5061990035756,1774.2961450711985,3162.00204471828,2274.0350241258316,1703.2035343657744,649.3225353573243,1833.0478464556845,1666.0339689173002,1150.681896561467,2048.105997434273,593.7770376265562,1040.162411380025,1034.9867859483597,1765.1492684057407,1374.4296705788774,1571.118848636034,770.8185003008211,650.1883961733777,1525.224323679027,1969.5098933960858,2313.8264850245937,1436.620940677532,1470.6229822308703,2674.1594977885848,1187.1443915924685,1846.60798985228,1275.5123082292355,1294.7628102763474,1515.611157488528,1986.6261278281338,899.1876099249754
22.札幌パークホテル,2863.1360274831463,2031.4388400445173,3231.731781302373,1513.3227190020862,2961.922207013016,4120.408932089784,2533.375331659558,2972.102927966556,2027.0760675207239,2011.238595992522,3931.6530484047703,1961.1729819803554,1204.1081506381413,1282.8317617058133,3614.2554264693554,2056.6952233887046,1677.6782997464961,1928.8856753008743,2570.7152782041376,0.0,4179.867895932149,3254.5726576587176,3757.045062729323,3373.636224990032,3240.310034184753,2845.6159773840523,2723.080188914194,1935.554215302235,2077.259989411697,2842.306308311982,1774.1902121425812,1614.0360119742768,2753.745695306902,4115.518032052173,302.4309987230215,2836.3548119502093,1931.0016076342308,2959.8111328936234,4179.867895932149,3638.878960761018,4454.072949844461,2238.9622989991744,1556.6776240929382,1545.2610316707355,1153.0272558126117,1544.8574420416555,1400.214847477507,2598.358713990241,1935.554215302235,4026.935723857285,4349.697986041475,256.93552923452717,3369.5221246091182,3298.1631959202896,5041.993386251087,1411.030903326396,4300.113292174983,2603.297561864588,1549.4856388071398,2632.3378849402543,1760.9080484181059,2213.2948700040024
26.桑園ウエストプラザ,1564.906414463786,3521.47359426171,3360.2909381362983,2725.9117999934597,2970.4775345686953,2957.333759641401,1687.9258207491532,2176.706987215871,2563.23973178321,2362.722916154819,2997.585121821333,2279.2463577649537,3037.5150215132903,3300.339693523478,2021.8932021725675,2145.040514346409,2560.167793894187,2310.348843694672,1664.9654728986295,4173.789226152577,0.0,965.9767692704595,1174.383403095055,2412.035507369953,2540.138911212275,1895.4968434978905,2022.9090659417163,2311.214159781416,2165.235945256627,4155.964502463878,3971.326399613211,2760.009068720198,1921.272960125617,3112.320058723022,3904.397813257553,2580.6246141690317,2311.825405073946,2710.4689262589427,0.0,788.4879190308956,1430.5315249787718,2008.4576804342694,2702.665281096647,2697.4896556649815,3427.6521381223624,3036.932540295499,3233.621718352656,1881.1542691228906,2311.214159781416,400.4311559346279,1835.5962314632084,3916.853696918049,1315.3616573316451,2348.0279168179345,1203.0369637492784,2849.6472613090905,851.1391478437738,2152.9333880324934,2957.265679992969,3176.6369210965663,3649.1289975447557,2301.3887723524886
27.札幌総合法律事務所,853.0329964915509,2575.567897179769,2780.039791401495,1773.3862744241173,2296.9847794946386,2664.074957990499,724.4694102937394,1710.1266195379935,1617.3340347012681,1416.8172190728772,2621.7474577557614,1317.727342240359,2091.609324431349,2354.4339964415367,1560.1293682926819,1218.2318830028296,1614.2620968122453,1362.6163694488519,719.0597758166872,3242.2317368464205,967.0452652891302,0.0,707.4975926623368,1831.7843606351498,1959.8877644774718,1315.2456967630874,1442.6579192069132,1365.3084626994741,1219.3302481746853,3210.0588053819356,3025.42070253127,1814.103371638256,1453.4668045156377,2819.0612570721205,2972.8403239513973,2000.373467434229,1365.9197079920043,2130.2177795241396,967.0452652891302,450.3225424299784,1349.117293806103,1045.0012699788558,1756.7595840147053,1749.0294159833063,2481.746441040421,2091.0268432135576,2287.7160212707145,1224.2240009766876,1365.3084626994741,826.2356200508574,1377.5299747469876,2985.2962076118934,848.2917872096826,1767.7767700831319,1975.1707941604143,1903.7415642271487,1147.6192862241103,1572.6822412976903,2011.3599829110276,2230.731224014624,2703.223300462814,1355.4830752705468
28.桑園北5条通,915.942400501634,3151.9045318667777,3486.451224153251,2346.174744672367,2877.4025149893864,1956.5773653281622,1297.2578805419894,1004.1243204900289,2197.751770196016,1997.2349545676248,1914.2498650934244,1890.5158124886088,2664.5108511560197,2927.3355231662076,852.6317756303447,1750.6520472184675,2189.0084501066776,1935.4048396971016,1299.4775113114351,3752.329159918622,1174.3834030950547,707.4975926623368,0.0,2538.1957933869057,2666.299197229228,2021.6571295148433,2149.069351958669,1945.7261981942215,1799.7479836694329,3790.4765408766834,3600.167055825702,2388.849724932688,1003.2993674224213,2111.563664409783,3482.9377470235986,2706.7849001859845,1940.6660612864368,2836.6292122758955,1174.3834030950547,386.07954375340387,771.7733108686471,1617.7897402271055,2331.5059373091376,2321.8178862315567,3054.647967765092,2665.7731965079897,2860.6175479953854,1804.6417364714355,1945.7261981942215,773.9522471604269,670.0323820846507,3495.3936306840947,398.2808624109574,2474.1882028348873,1406.8736413792124,2478.487917521581,580.0975347639168,2279.0936740494462,2586.1063362054597,2811.148959509372,3277.9696537572463,1935.9008107652944
29.北大工学部,2664.933063735803,2587.3499484841723,2115.245896341918,2106.386204419079,1808.9235623855243,4477.8339728637375,2283.9678801439045,3522.026686782246,1677.7271592702211,1484.909178527168,4435.506472628999,2159.3637678791083,2163.6243560292733,2420.004972507831,3377.2530375898386,2777.730352852995,1686.27712841017,1691.0112636882002,1545.576588761229,3370.903302886052,2443.98304387113,1820.2871998895232,2524.8251417152846,0.0,386.7561450907093,775.0983019013242,902.51052434515,1433.4004221537648,1291.34527977261,3165.733349685225,3051.113139937399,1886.1184032361807,3265.3668717598894,4632.820271945358,3068.4723041630305,1181.9322129480538,1437.934739589929,1568.6836274866625,2443.98304387113,2143.220744503701,2912.77658421931,2138.8599206393405,1828.77461561263,1823.5989901809644,2547.3174171067153,2154.7283078392975,2353.286997337009,775.2775109997913,1433.4004221537648,2389.894910464064,3194.857523799935,3175.7694755847438,2665.1626287949666,322.55108336508675,3537.193584359562,1975.7565958250734,2711.278576637317,1032.2386024358775,2075.0614475367674,2241.2066174429115,2728.5287465135134,1412.2958432553412
30.セントラル札幌北ビル,2793.036467578125,2209.968265648841,1745.493157203742,2223.008024527484,1439.1708232473488,4605.93737670606,2412.0712839862267,3650.1300906245683,1292.4464801956299,1226.4847670363206,4563.6098764713215,2275.985587987513,2033.8606760255188,2034.7242934332396,3505.356441432161,2905.8337566953173,1802.8989485185746,1807.6330837966048,1662.1984088696333,3206.6017059731594,2572.0864477134523,1948.3906037318452,2652.928545557607,386.7561450907093,0.0,644.6420677143843,517.2298452705586,1550.0222422621696,1407.9670998810145,2795.980610547049,2673.731457102068,1624.7025170560269,3393.4702756022116,4760.923675787681,3127.765027069336,812.1794738098781,1554.5565596983336,1198.9308883484864,2572.0864477134523,2271.324148346023,3040.879988061632,2255.481740747745,1945.3964357210345,1940.220810289369,2162.036738032124,1769.4476287647062,1968.0063182624176,891.8993311081957,1550.0222422621696,2517.998314306387,3322.960927642257,3268.309541642772,2793.2660326372884,193.89035563854532,3665.2969882018842,2088.626629216736,2839.3819804796394,645.4824573451682,1689.7807684621762,1863.8249346075809,2351.1470636781823,1027.01516418075
31.札幌駅北口広場北西角,2148.39439986374,1820.1506428221085,1464.7940946384074,1578.3659568130993,1074.9806910708046,3961.295308991675,1767.4292162718423,3005.488022910183,902.6288573688971,836.667144209588,3918.9678087569373,1631.3435202731287,1635.6041084232934,1644.9066706065066,2860.7143737177767,2261.1916889809327,1158.2568808041901,1162.9910160822203,1017.5563411552488,2816.784083146427,1927.4443799990677,1303.7485360174608,2008.2864778432222,775.0983019013242,644.6420677143844,0.0,127.41222244382577,905.3801745477853,763.3250321666301,2453.3348931481596,2283.913834275335,1234.8848942292939,2748.8282078878265,4116.281608073296,2540.4520565570506,685.1277706711417,909.9144919839492,814.9720827610521,1927.4443799990677,1626.6820806316387,2396.2379203472474,1610.8396730333607,1300.75436800665,1295.5787425749845,1772.2191152053913,1379.6300059379732,1578.1886954356846,247.25726339381137,905.3801745477853,1873.3562465920015,2678.318859927873,2647.749227978764,2148.623964922904,452.54721853623755,3020.654920487499,1447.7363482190935,2194.7399127652543,257.43654453460294,1299.9631456354432,1474.007311780848,1961.3294408514496,637.1975413540172
32.札幌第一合同庁舎前,2275.8066223075657,1692.7384203782829,1337.3818721945818,1705.7781792569253,947.5684686269788,4088.707531435501,1894.841438715668,3132.900245354009,775.2166349250714,709.2549217657622,4046.3800312007634,1758.7557427169547,1516.6308307549602,1517.494448162681,2988.126596161602,2388.6039114247583,1285.669103248016,1290.4032385260462,1144.9685635990747,2689.3718607026008,2054.8566024428933,1431.1607584612864,2135.698700287048,902.5105243451501,517.2298452705586,127.41222244382577,0.0,1032.792396991611,890.7372546104558,2325.9226707043335,2156.501611831509,1107.4726717854683,2876.240430331652,4243.693830517122,2610.5351817987776,557.7155482273158,1037.326714427775,687.5598603172264,2054.8566024428933,1754.0943030754643,2523.650142791073,1738.2518954771867,1428.166590450476,1422.9909650188104,1644.8068927615657,1252.2177834941476,1450.776472991859,374.6694858376371,1032.792396991611,2000.7684690358271,2805.731082371698,2751.079696372213,2276.03618736673,579.9594409800634,3148.067142931325,1571.3967839461777,2322.15213520908,130.0243220907772,1172.5509231916176,1346.5950893370223,1833.9172184076235,509.7853189101914
34.駅前通sitatte sapporo前,1551.6449651416517,1211.4433248651571,2091.6601701948052,931.2706775302137,1464.7678809709398,3381.7269380442463,1165.5469385379724,2406.0845590957438,523.7259977589074,323.20918213051635,3338.218050835698,988.9920772739115,730.2415403692623,993.06621237945,2388.911033071851,1657.505904386361,273.02979949758435,520.6395730830031,649.8628793979194,1940.476348598254,2314.558081007,1364.8007645453133,1948.0016234011346,1443.9883054121462,1552.2806203227467,915.9680578061664,1035.050775052188,0.0,147.1298038579143,1849.0215465478543,1663.5806511543096,452.7355875761699,2149.0073374787853,3536.7132371258676,1638.0453498752327,1335.8549922961483,267.56304898473195,1462.6568068515473,2314.558081007,1799.206008651167,2696.630109523973,968.4882300341435,395.3917999526193,570.8029902176111,1120.3786569783344,729.1867918365982,926.3482372086279,668.7107944123551,0.0,2173.748435768727,2618.034005485785,1778.5898644486683,1811.3321330851193,1368.515276342404,3322.6836098782846,542.3737801650626,2495.1321019419797,915.2681480025818,649.5199315340681,1137.123187072264,1341.3832490858547,525.2654561419967
35.駅前通MMS札幌駅前ビル前,1677.387726043483,1357.714755113666,1967.4150650710644,1061.7572747157135,1337.9562386090622,3507.4696989460776,1291.2896994398036,2531.8273199975747,399.48089263516647,198.96407700677543,3463.960811737529,1114.7348381757424,877.6968610026349,1140.5215330128226,2514.6537939736822,1783.248665288192,420.4851201309568,646.3823339848342,502.7330755400052,2087.931669231627,2167.4282771490857,1217.6709606873994,1800.8718195432205,1296.8585015542321,1413.4803216626367,768.8382539482523,896.250476392078,147.45532063337248,0.0,1992.2056633158343,1810.3347610613234,600.1909082095424,2274.7500983806162,3662.455998027699,1785.5006705086055,1209.043349934271,393.305809886563,1335.8451644896697,2167.4282771490857,1652.0762047932526,2549.5003056660585,1094.2309909359744,542.8471205859918,718.2583108509835,1267.833977611707,875.9409017436122,1073.8035578420004,521.5809905544409,147.45532063337248,2026.6186319108126,2470.904201627871,1926.0451850820411,1937.0748939869502,1221.3854724844896,3175.5538060203703,689.8291007984351,2348.0022980840654,786.4572262455553,796.2740414410821,1012.878081948523,1488.1373589928683,396.4545343849702
36.北3条通苗穂駅前,3341.2271197150717,1092.1704170262722,1407.7730671865604,2600.203801518495,1431.4271307417575,5171.309092617666,2955.129093111392,4088.947252614578,1590.730768740206,1791.247584368597,5111.72384281546,2745.514658300716,2151.3580454238945,1888.533373413707,4178.49318764527,3329.6487395687273,2055.066498786372,2321.2282941431667,2492.9447369153777,2780.593990420969,4157.639938524459,3207.882622062772,3791.0834809185935,3194.8591094559865,2812.3925547809786,2477.010512618123,2349.5982901742973,1849.021546547854,1990.2116613753726,0.0,1207.1575727131774,1855.2252239603613,3831.8700309976193,5295.683630626269,2812.2053668819535,2059.5910270920285,2083.3965981893193,1691.43573905151,4157.639938524459,3642.2878661686245,4539.711967041431,2758.0703846075635,2177.428499241407,2315.715259184422,2169.7556401198435,1968.1070486798435,2085.5036876607933,2504.607505383097,1849.021546547854,4016.8302932861857,4461.115863003244,2952.2348245016556,3627.1656822897066,2907.404065239841,5165.765467395742,2287.2860491318734,4338.213959459439,2229.815663124691,1920.3034753665106,977.3335794268497,1476.6281479615463,1856.3099816580504
39.札幌市民ギャラリー,2700.073597449967,472.97421587882803,1585.3664625164474,1393.0462288053177,1465.3474810183575,4249.2986850599345,2313.9755708462876,2881.7896799014,1421.412403932069,1621.6234993459898,4063.3040508150593,1719.8652348253227,944.2004727107173,681.3758007005297,3523.9421784041997,2122.491166855549,1420.9889845281505,1680.074771878062,2322.2209425768583,1712.4778942515686,3986.9161441859396,3034.5402411220202,3611.1515143669194,3087.7680012805863,2705.3014466055783,2315.6496867569176,2188.237464313092,1672.4577578585668,1819.4878670368532,1207.1575727131772,0.0,1221.1477097021398,2624.7124582844417,4247.263838625869,1744.0892707125531,1898.230201230823,1673.6575304278638,1533.8763195722802,3986.9161441859396,3471.5640718301056,4363.759701779305,1997.654551844142,1301.4824281312312,1290.0658357090285,1067.9647336964938,942.4576252044501,878.3461149476162,2334.874583435986,1672.4577578585668,3846.1064989476668,4259.384737976319,1884.1187283322552,3213.7038184788003,2768.196905293155,4995.041673057223,1155.9169986179595,4167.49016512092,2068.4548372634854,1286.225961108289,980.913872229496,451.01118660888255,1687.1246881584027
40.札幌市役所,1486.0018957547106,763.0548069340894,2122.9945691330367,858.0821528586399,1536.978562097522,3316.0838686573047,1099.9038691510314,2335.9262238042315,595.9366788854896,401.0310262764111,3272.5749814487563,918.8337419823993,542.2277239376009,543.0913413453218,2323.2679636849093,1587.3475690948487,199.84127482601062,466.0030701828057,1101.0732328747185,1714.9687538852418,2765.7684344837994,1816.0111180221127,2393.7266007142302,1889.0043847336374,1755.678193928358,1360.9841371276577,1238.4483486577994,451.31004815642694,598.3401573347135,1855.2252239603615,1212.2085359944995,0.0,2078.849002187273,3469.002714307953,1564.8568252036591,1408.0656734227307,452.5098207257239,1534.8674879781295,2765.7684344837994,2250.416362127966,3147.8404630007717,902.8451606472024,322.2032752810456,497.6144655460375,670.4037859442062,277.81467667678817,476.37336617449967,1113.7268737338463,451.31004815642694,2624.9587892455265,3058.750900466762,1705.4013397770948,1996.278904826111,1813.5313556638955,3773.8939633550845,469.185255493489,2946.3424554187795,1118.665721608193,198.14781637425804,1208.0286642955366,890.0111339260443,728.663029747608
42.南1条通NTT東日本札幌病院前,598.3049447584923,2828.0109498184984,4187.950712017447,1358.5175781444493,3590.887721626917,1624.5862267754922,965.1592518450218,257.0772216169585,2652.4123756530207,2451.8955600246295,1438.5915925306183,1158.1807109365648,1677.6829583627095,1940.5076303728972,899.2297201197582,753.9898996759227,1865.1148680583974,1610.6277019172348,1755.9949979754072,2749.029792496202,1921.2729601256167,1448.3822344554937,1003.2993674224211,3269.954968165584,3398.0583720079057,2753.416304293521,2880.8285267373467,2130.0274589638366,2252.931483017854,3829.0410037866036,2621.8834310734264,2064.956142884408,0.0,1622.5513803414278,2479.6383796011787,3438.5440749646623,1862.1518376586353,3568.3883870545733,1921.2729601256167,1132.7850410947212,1739.047243494863,1168.2161051997468,1750.1220400700072,1738.7054476478045,2067.820074971782,2084.3892992688598,1873.7896552020752,2521.2657752266223,2130.0274589638366,1520.8418041909888,1634.6722796918766,2492.0942632616748,862.9985561795158,3205.9473776135655,2372.027659364782,1613.949391732219,1583.3969021863377,3010.852848828124,2004.7224389663295,3264.518627869692,2429.222163253245,2649.3860174028246
43.大通西28丁目円山公園入口,1980.5164343265112,4229.466158903666,5589.405921102613,2986.306770004207,4980.531718492478,155.45307742006833,2366.614460930191,1370.7119702427983,4053.8675847381896,3853.3507691097984,194.1025509520263,2683.0112200551484,3305.4721502224675,3568.2968222326554,1272.3998705723334,2381.7790915356795,3266.570077143566,3012.0829110024033,3157.450207060576,4081.8988095945465,3107.2296863985894,2813.890620892911,2108.352416045451,4643.369025209183,4771.472429051506,4126.830361337122,4254.242583780948,3531.482668049005,3654.386692103023,5321.636575929939,4249.672622933185,3466.411351969576,1627.7891918597568,0.0,3901.5832543063093,4811.958132008264,3263.607046743804,4941.802444098174,3107.2296863985894,2490.210985280204,1767.1696141765838,2571.1091895864247,3153.0151244566855,3141.5985320344826,3695.6092668315396,3487.2823836555376,3501.578847061833,3907.7709399745263,3531.482668049005,2706.7985304639615,1438.3200339608002,3824.9632803600193,1970.9741777413037,4579.361434657165,1943.7070318899541,3138.8635484254523,2333.594061340974,4384.266905871725,3407.6155233530076,4665.973836954859,4057.011355113004,4039.0300142683864
45.駅前通南9条,2593.7446145881236,2063.050216505502,3263.3431577633573,1216.5957288687973,2993.5335834740004,3940.093376801547,2261.154464169469,2703.2973737655107,2058.6874439817084,1932.4019170886993,3751.337493116533,1664.4459918470666,1125.2714717343183,1314.4431381667978,3345.44987226831,1787.3038104936818,1375.2473010234742,1632.1586851675854,2273.9882880708487,302.4309987230215,3910.476483037126,2981.7191344452017,3488.239508528278,3071.687492242907,3161.47335528093,2543.667244636927,2644.2435100103708,1648.8652799667698,1774.8289906886753,2873.9176847729664,1805.8015886035657,1535.199333070454,2484.9401411058566,3935.297280927343,0.0,2867.966188411194,1628.5706089112089,2991.422509354608,3910.476483037126,3370.0734065599727,4185.2673956434155,1942.2353088658858,1254.2466253699163,1242.8300329477136,1184.6386322735962,1550.315820205847,1321.378168573684,2296.409981243116,1648.8652799667698,3758.13016965624,4080.8924318404293,162.8165821262769,3100.716570408073,2996.2144631731644,4818.2478115133335,1108.599904603374,4031.3077379739366,2524.4608829607646,1470.648959903317,2663.949261401239,1792.5194248790904,2134.458191100179
46.りんゆう観光,2832.3256375251017,1445.3239655822215,1018.713436103427,2262.297194474461,647.4822118039558,4645.226546653036,2451.360453933203,3689.419260571545,813.37349863237,1013.8847279066925,4602.899046418298,2315.27475793449,1820.297999598914,1561.6138153377763,3544.6456113791373,2945.122926642294,1610.413228495538,1846.9222537435817,1701.4875788166103,2814.590282696303,2611.3756176604293,1987.6797736788221,2692.217715504584,1193.4657838302621,810.999229155254,683.9312376613615,556.5190152175358,1337.4447437163158,1212.848804913468,2069.2008894467353,1909.0871570354477,1411.139840629422,3432.759445549188,4800.212845734657,2846.2016591572874,0.0,1593.8457296453105,387.4736034942034,2611.3756176604293,2310.613318293,3080.169158008609,2294.770910694722,1732.775228950573,1903.4931628426798,1948.4740616055194,1555.8849523381014,1754.4436418358127,931.1885010551729,1337.4447437163158,2557.287484253364,3362.2500975892344,2986.2311167769894,2832.5552025842653,876.2750986673481,3704.5861581488607,1875.0639527901315,2878.671150426617,426.49469312675865,1476.2180920355713,1099.1806345409611,1586.5027636115626,814.4151250511218
47.北海道庁赤れんが庁舎前,1284.0819161569195,1211.238470580341,2351.1659433619943,668.4514648291503,1731.3166880130414,3114.1638890595136,897.9838895532403,2138.5215101110125,790.2748048010089,590.7734949140538,3070.655001850965,721.4290282891795,725.689616439344,988.5142884495317,2121.3479840871178,1389.9428554016292,248.34238882024084,253.07652409827114,649.1150421849944,1932.968563296123,2314.4056825358057,1364.6055067436075,1941.2167799885062,1690.697833581338,1807.3196536897428,1162.6775859753584,1290.0898084191842,267.875621305201,393.83933202710625,2083.3965981893193,1659.5009945392649,448.1836636462515,1881.4442884940538,3269.150188141135,1630.5375645731017,1602.4037993382499,0.0,1729.205613893649,2314.4056825358057,1799.0536101799726,2696.4777110527784,700.9251810494115,390.8398760227009,385.6642505910353,1115.8267330484161,725.1071352215533,921.7963132787096,915.420322581547,267.875621305201,2173.5960372975323,2610.129605395511,1737.8347359948148,1543.769084100387,1615.2248045115962,3322.5312114070903,537.8218562351442,2494.9797034707854,1180.2965582726615,645.4402749190232,1402.3667902110558,1337.30359247081,790.2938664120765
48.サツドラ本社前,2963.3664826247923,1064.046897047897,649.8220118773552,2354.6720549027186,260.0086083097525,4776.267391752727,2582.401299032894,3820.4601056712354,901.356180423961,1101.8674096982834,4733.939891517989,2414.3581880634565,1908.280681390505,1646.0848811798633,3675.6864564788284,3076.1637717419844,1698.395910287129,1946.0056838725477,1803.5645622450645,2838.037170210874,2742.41646276012,2118.7206187785127,2823.258560604275,1575.9716407855449,1193.505086110537,814.9720827610521,687.5598603172264,1425.4274255079067,1300.831486705059,1691.4357390515104,1528.2662054505554,1499.122522421013,3563.8002906488787,4931.253690834348,2869.6485466718586,386.4338407357816,1692.9291597742765,0.0,2742.41646276012,2441.65416339269,3211.210003108299,2393.8543408236883,1820.7579107421639,1991.4758446342707,2035.5934092890427,1643.8676341296923,1842.4263236274037,1062.2293461548634,1425.4274255079067,2688.328329353054,3493.2909426889255,3009.6780042915607,2963.596047683956,1258.7809556226307,3835.627003248552,1963.0466345817224,3009.711995526307,557.5355382264491,1564.2007738271623,717.9035660066365,1231.2228829598907,902.3978068427127
49.ローソン札幌桑園店,1564.906414463786,3521.47359426171,3360.2909381362983,2725.9117999934597,2970.4775345686953,2957.333759641401,1687.9258207491532,2176.706987215871,2563.23973178321,2362.722916154819,2997.585121821333,2279.2463577649537,3037.5150215132903,3300.339693523478,2021.8932021725675,2145.040514346409,2560.167793894187,2310.348843694672,1664.9654728986295,4173.789226152577,0.0,965.9767692704595,1174.383403095055,2412.035507369953,2540.138911212275,1895.4968434978905,2022.9090659417163,2311.214159781416,2165.235945256627,4155.964502463878,3971.326399613211,2760.009068720198,1921.272960125617,3112.320058723022,3904.397813257553,2580.6246141690317,2311.825405073946,2710.4689262589427,0.0,788.4879190308956,1430.5315249787718,2008.4576804342694,2702.665281096647,2697.4896556649815,3427.6521381223624,3036.932540295499,3233.621718352656,1881.1542691228906,2311.214159781416,400.4311559346279,1835.5962314632084,3916.853696918049,1315.3616573316451,2348.0279168179345,1203.0369637492784,2849.6472613090905,851.1391478437738,2152.9333880324934,2957.265679992969,3176.6369210965663,3649.1289975447557,2301.3887723524886
50.ローソン札幌北6条西十四丁目店,788.9310927978108,3007.1900179245476,3101.413470695325,2211.628223656297,2711.600067127722,2334.613228360036,1168.6945928248879,1389.444856117077,2048.956155446048,1848.439339817657,2292.285728125298,1761.9525247715073,2523.231445176128,2786.056117186316,1238.187922028763,1623.6407395146443,2045.8842175570248,1796.0652673575091,1150.681896561467,3641.339844274729,788.4879190308955,450.3225424299784,386.07954375340387,2153.1580399289796,2281.261443771302,1636.6193760569172,1764.031598500743,1796.930583444254,1650.9523689194648,3641.6809261267153,3457.0428232760487,2245.7254923830355,1132.7850410947212,2489.5995274416573,3371.9484313797057,2321.7471467280584,1797.5418287367838,2451.5914588179694,788.4879190308955,0.0,901.6996756026895,1489.226452510004,2188.381704759485,2183.206079327819,2913.3685617852,2522.648963958337,2719.3381420154938,1622.2768016819173,1796.930583444254,388.0567630962676,1051.890951319404,3384.4043150402017,526.8737383007497,2089.1504493769617,1535.7029411445753,2335.3636849719283,708.1514332082711,1894.0559205915201,2442.982103655807,2662.353344759404,3134.8454212075935,1787.1051960153266
51.ローソン札幌北6条西二十丁目店,1677.1239685150374,3906.57579915705,3873.29324556158,3097.5648216393133,3483.479841993977,1612.0871873543147,2063.2219951187167,1481.9700218779049,2948.3419366785497,2747.8251210501585,1589.5917569064557,2656.479927065336,3416.730201857574,3679.5548738677617,851.5100931044985,2493.0371431707863,2945.269998789526,2695.451048590011,2050.0676777939684,4457.046663896253,1430.531524978772,1351.0789741657984,771.7733108686471,2925.037814795235,3053.141218637557,2408.4991509231722,2535.911373366998,2696.3163646767557,2550.338150151966,4541.066707359218,4356.428604508551,3145.111273615537,1739.0472434948636,1767.0734864359356,4187.655251001232,3093.6269215943134,2696.927609969285,3223.4712336842244,1430.531524978772,901.6996756026895,0.0,2384.3865105272603,3087.767485991986,3082.5918605603206,3806.867318466646,3422.0347451908383,3612.8368986969394,2394.1565765481723,2696.3163646767557,1030.1003690441441,408.1934975572465,4200.111134661726,1170.0541732796046,2861.0302242432167,635.4884707340553,3234.7494662044296,579.642431032709,2665.935695457775,3342.3678848883083,3561.739125991906,4034.231202440095,2686.490977247828
52.UR札幌北一条前,707.2625420122233,1665.7929894696458,3025.732751668593,733.2249295717842,2428.669761278065,2537.3445149148174,321.1645154085438,1438.0947815857862,1490.1944153041695,1289.6775996757785,2387.2114842786973,277.56599738802583,1051.561036055437,1314.3857080656246,1544.5286099424213,689.5161268764033,702.8969077095462,448.4097415683839,593.7770376265562,2234.047126780822,2007.2556287367897,1041.7291856842764,1618.3404589291752,2132.7846109447664,2250.947145985968,1606.3050782715832,1733.717300715409,967.8094986149853,1090.713522669003,2757.963406495918,1988.9457820697398,902.7381825355568,1181.0175599688278,2571.171272089507,1937.320136647533,2291.4328489427244,699.9338773097843,2421.2771610326354,2007.2556287367897,1490.2495991929554,2384.3865105272603,0.0,720.2846635531761,708.8680711309732,1441.6981526645093,1054.5519227520285,1247.6677328948026,1359.0478148777718,967.8094986149853,1866.4459834985166,2280.011546724274,1977.111597546295,1220.892763041056,2058.852296807821,3015.3811576080743,867.2666437656194,2187.8296496717694,1863.7416228061861,974.8850624494984,2102.3006675208408,1666.7483800012849,1487.1680570539731
53.駅前通大通ビッセ前,1585.4189520059306,1082.2055789975489,2442.1453411964967,538.6074005334395,1855.9601151461839,3152.2159542809623,1199.320925402251,2022.3030712031186,914.9182319341512,716.3533560817043,2971.4197738960297,605.2105893812859,334.84974041664316,597.6744124268309,2422.6850199361293,1268.0523385836711,307.82845834075243,565.4201264340252,1209.1910553931623,1545.0845486456349,2874.4816957439734,1919.8855956779832,2496.4968689228817,2004.2686495601852,1945.4247942739346,1476.2484019542055,1428.194949003376,581.4464372840482,707.4101480059535,2174.3759960238212,1268.6611185165636,319.1507720634593,1765.2258495861602,3155.3795617068395,1242.6535499226136,1727.0472264713924,561.1517662284872,1853.8490410267914,2874.4816957439734,2359.12962338814,3256.5537242609457,882.9999064001051,0.0,175.41119026499186,724.9868570257153,334.2672591988524,530.9564372560087,1228.9911385603941,581.4464372840482,2733.6720505057006,3158.1679567179817,1383.1980644960493,2099.0491730347626,1928.7956204904433,3882.607224615258,146.98198021244337,3055.055716678953,1308.4123219537696,254.60039889632225,1527.010217344198,946.4637164481085,918.4096300931847
54.駅前通札幌大通西4ビル前,1418.5778890044605,1093.6221714197513,2453.561933618699,550.0239929556424,1867.3767075683863,3163.6325467031647,1032.4798624007813,2033.7196636253216,926.334824356354,727.7699485039072,2982.836366318232,616.6271818034886,346.266332838846,609.0910048490337,2255.843956934659,1279.4689310058739,132.41726807576057,398.57906343255564,1034.7320332809668,1556.5011410678376,2699.4272348900477,1749.669918428361,2326.957355952001,1828.8574592951934,1945.4792794035982,1300.8372116892137,1428.2494341330396,406.0352470190563,531.9989577409616,2185.7925884460237,1280.0777109387664,330.5673644856621,1776.6424420083629,3166.796154129042,1254.0701423448163,1738.463818893595,385.7405759634953,1865.2656334489939,2699.4272348900477,2184.075162534214,3081.49926340702,835.4211538969523,11.416592422202799,0.0,736.4034494479181,345.68385162105517,542.3730296782115,1053.5799482954023,406.0352470190563,2558.617589651775,2991.326893716512,1394.614656918252,1929.5096600638824,1753.3844302254515,3707.5527637613322,158.3985726346462,2880.0012558250273,1318.4561839865169,266.016991318525,1538.426809766401,957.8803088703112,928.4534921259318
55.西2丁目線H&Bプラザビル前,2146.5628584734186,1505.374377028631,2798.681216427498,714.8434124960243,2291.856068045588,3617.6799507354576,1760.4648318697389,2274.1492437146976,1350.8141848335554,1197.7388878352785,3428.9240670504437,1166.354495848774,390.6084424808977,606.5698790186447,2916.301742217497,1317.243018957977,868.9723648082403,1126.564032901513,1770.33496186065,1044.5649679410355,3435.625602211462,2481.029502145471,3051.401761614971,2560.136516832788,2426.810326027509,2032.1162692268083,1909.5804807569498,1122.0545071449915,1268.5540544734413,2409.2557434371065,1285.7910152139725,800.5363038170333,2048.1023941925496,3612.8838548612534,965.7282890372128,2162.9431793707963,1122.295672695975,2289.7449939261955,3435.625602211462,2920.273529855628,3756.1192655926025,1444.1438128675932,747.9716891546825,736.5550967324797,0.0,815.6527909524264,586.7151393202632,1784.859005832997,1122.0545071449915,3294.8159569731893,3651.744301789616,1106.2728036106485,2660.1930795022504,2484.663487763046,4389.0996814625205,602.3249683881401,3602.1596079231235,1789.7978537073434,735.9859306498962,1962.9061702436024,1095.2844118989933,1399.7951618467584
56.西2丁目線丸井今井前,1757.615972245517,1164.3831469614906,2524.1434665522384,710.8044207730262,1946.6242115329906,3324.4129745205487,1371.5179456418377,2194.5000914427055,1005.582328320958,807.0174524685112,3143.6167941356166,777.4076096208726,264.41304726081273,265.2766646685337,2594.882040175716,1440.2493588232578,478.6348441311769,737.6171466736118,1380.9496093363834,1437.1540772084536,3045.644810945464,2092.0826159175704,2668.6938891624686,2169.415081466021,2036.0888906607418,1641.3948338600412,1518.859045390183,731.3330717782242,878.216533796378,2153.8100380822407,946.6524653690633,409.8148684502661,1937.4228698257468,3327.5765819464264,1358.3173983046306,1817.711322858199,731.9581520189117,1944.513137413598,3045.644810945464,2530.29273858963,3427.7168394624364,1055.1969266396918,359.0248029267813,347.6082105045785,392.58910926741805,0.0,198.5586894977115,1394.1375704662298,731.3330717782242,2904.835165707191,3330.3649769575686,1498.8619128780663,2271.2461932743495,2093.942052396279,4053.7703398167487,319.17900045203004,3226.2188318804438,1399.0764183405765,345.264495283129,1617.6743137310052,753.9911975488823,1009.0737264799915
57.西2丁目線NBF札幌南二条ビル前,1951.7900318403406,1223.1172092425695,2540.1139414324175,520.0705858629467,2009.598900259526,3495.357819167646,1565.6920052366613,2127.8488140091117,1068.5570170474937,1002.9660612022008,3309.363184922771,971.5816692156961,195.83561584782012,324.31271123258296,2770.0013125119112,1251.2557217620513,674.1995381751626,931.7912062684354,1575.5621352275725,1238.595387710742,3240.852775578384,2286.2566755123935,2862.867948757292,2365.3636901997106,2232.0374993944315,1837.343442593731,1714.8076541238725,927.2816805119139,1073.7812278403635,2150.688468442026,1003.5338474279108,605.7634771839557,1870.7715923921533,3493.3229727335806,1159.7587088069192,1880.6860115847346,927.5228460628973,2007.4878261401336,3240.852775578384,2725.5007032225503,3609.8188358870166,1249.3709862345154,553.1988625216048,541.782270099402,194.03041976970658,586.3383915684253,0.0,1590.0861791999196,927.2816805119139,3100.043130340111,3505.4438720840303,1300.303223380355,2465.420252869173,2289.8906611299685,4242.799251756935,407.55214175506245,3421.426796513364,1595.025027074266,541.2131040168186,1680.6490024575407,813.0272441129315,1205.0223352136811
58.札幌駅西口ヨドバシカメラ前,1944.7516849667522,1868.3823456342675,1712.051358032219,1331.108693419288,1322.237954464616,3761.221128274397,1560.6411181433784,2801.1787387011505,910.1484831557678,709.6316675273767,3718.8936280396592,1384.0862568793175,1388.3468450294818,1651.1715170396694,2657.071658820789,2052.600083991767,910.9996174103786,915.733752688409,770.2990777614374,2595.6257918862607,1913.1018056240678,1214.8607776422493,1804.6437629462346,775.277510999791,891.8993311081958,247.25726339381134,374.6694858376371,658.1229111539739,516.0677687728187,2502.8732538364357,2321.002351581925,1110.8408922363892,2544.101517084192,3916.2074273560183,2293.194793163239,932.3850340649531,662.6572285901378,1062.2293461548636,1913.1018056240678,1537.7943222564272,2307.350161972036,1363.5824096395495,1053.4971046128385,1048.3214791811731,1778.483961638554,1386.6084922642135,1584.4535418688474,0.0,658.1229111539739,1784.46848821679,2474.676145030885,2400.4919645849527,1944.9812500259166,699.804481930049,2933.403662326348,1200.479084825282,2105.8521543900433,504.69380792841434,1306.9416319616835,1523.5456724691244,1998.8049495134699,648.2975237250464
59.駅前通miredo前,1551.6449651416517,1211.4433248651571,2091.6601701948052,931.2706775302137,1464.7678809709398,3381.7269380442463,1165.5469385379724,2406.0845590957438,523.7259977589074,323.20918213051635,3338.218050835698,988.9920772739115,730.2415403692623,993.06621237945,2388.911033071851,1657.505904386361,273.02979949758435,520.6395730830031,649.8628793979194,1940.476348598254,2314.558081007,1364.8007645453133,1948.0016234011346,1443.9883054121462,1552.2806203227467,915.9680578061664,1035.050775052188,0.0,147.1298038579143,1849.0215465478543,1663.5806511543096,452.7355875761699,2149.0073374787853,3536.7132371258676,1638.0453498752327,1335.8549922961483,267.56304898473195,1462.6568068515473,2314.558081007,1799.206008651167,2696.630109523973,968.4882300341435,395.3917999526193,570.8029902176111,1120.3786569783344,729.1867918365982,926.3482372086279,668.7107944123551,0.0,2173.748435768727,2618.034005485785,1778.5898644486683,1811.3321330851193,1368.515276342404,3322.6836098782846,542.3737801650626,2495.1321019419797,915.2681480025818,649.5199315340681,1137.123187072264,1341.3832490858547,525.2654561419967
60.イオン札幌桑園ショッピングセンター,1176.9878558940786,3380.6639490234375,3347.3813954279685,2585.102154755187,2957.5679918603655,2556.902603706773,1547.1161755108803,1776.2758312812427,2422.4300865449372,2221.913270916546,2597.153965886706,2138.436712526681,2896.705376275018,3159.530048285206,1621.4620462379396,2004.2308691081362,2419.3581486559146,2169.539198456399,1524.1558276603566,4029.3966073709967,400.4311559346279,825.1671240321867,773.952247160427,2399.125964661623,2527.2293685039454,1882.5873007895607,2009.9995232333865,2170.4045145431433,2024.4263000183544,4015.154857225605,3830.5167543749385,2619.1994234819254,1520.841804190989,2711.8889027883943,3760.0051944759734,2567.715071460702,2171.0157598356736,2697.559383550613,400.4311559346279,388.0567630962677,1030.1003690441441,1867.6480351959965,2561.8556358583746,2556.680010426709,3286.84249288409,2896.1228950572267,3092.8120731143836,1868.244726414561,2170.4045145431433,0.0,1435.165075528581,3772.4610781364695,914.9305013970173,2335.1183741096047,1149.843251347493,2708.837616070818,450.70799190914585,2140.0238453241636,2816.4560347546967,3035.8272758582934,3508.3193523064833,2160.5791271142157
61.まいばすけっと北5条西22丁目店,1572.7490047120511,3821.6987292892054,4153.3044220147285,2993.189857836327,3547.434897074038,1286.5449832435118,1958.8470313157304,1377.5950580749184,2867.7841522806675,2667.2673366522763,1244.217483008774,2552.10496326235,3312.355238054587,3575.179910064775,747.1351293015123,2388.6621793677996,2858.8026475291053,2604.315481387943,1969.509893396086,4352.671700093268,1835.5962314632086,1377.5299747469876,670.0323820846507,3205.048991248384,3333.152395090706,2688.510327376321,2815.9225498201467,2615.7585802788735,2469.7803657540835,4460.508922961335,4256.555710765305,3058.6439223551156,1634.6722796918768,1441.5312823251327,4083.280287198244,3373.6380980474623,2610.6984433710877,3503.4824101373733,1835.5962314632086,1051.8909513194044,408.1934975572464,2280.011546724274,2994.8236294275007,2983.4070370052978,3702.492354663659,3329.090888626353,3508.4619348939527,2474.674118556086,2615.7585802788735,1435.1650755285807,0.0,4095.73617085874,1067.1936878179627,3141.0414006963656,762.7881620954204,3141.805609639944,984.7500318061807,2945.946871910924,3249.4240283238228,3481.1813415940237,3941.2873458756094,2605.933192849946
62.中島公園南9条公園内駐輪場前,2606.200498248619,2203.0796741252043,3403.37261538306,1256.387189767559,3133.5630410937024,3863.473402855257,2276.439802425031,2715.167398732029,2198.716901601411,2072.9464316621347,3674.717519170243,1704.2374527458283,1265.8159863077542,1454.4725957865003,3357.319897234829,1799.7596941541774,1515.79181559691,1671.950146066347,2313.7797489696104,256.93552923452717,3922.9323666976215,2997.6371284241905,3500.109533494796,3212.232006816343,3302.017869854366,2684.211759210363,2784.788024583807,1789.4097945402057,1915.373505262111,3013.9471423926684,1945.831046223268,1675.7438476438897,2496.8101660723746,3858.582502817646,162.8165821262769,3007.9956460308963,1769.1151234846448,3131.45196697431,3922.9323666976215,3381.9434315264907,4197.1374206099335,1982.0267697646475,1394.7911399433522,1383.3745475211495,1324.6680898932987,1690.8603347792828,1461.9226831471199,2436.954495816552,1789.4097945402057,3770.000194622758,4092.7624568069477,0.0,3112.586595374591,3136.7589777466005,4785.057857016559,1249.1444191768098,4043.1777629404555,2665.0053975342007,1611.1934744767527,2803.978719020941,1932.5488824987929,2275.0027056736153
63.NX商事知事公館前ビル前,519.5742566459112,2761.1313166468954,3622.9562345531026,1954.5891473799686,3009.5575407511737,1819.1991270240146,905.6722832495906,863.8235092471235,2329.906795957803,2129.3899803294116,1776.871626789277,1498.9302151962102,2272.9252538636215,2535.7499258738094,712.6610798272484,1354.2839033627445,1798.2352348867942,1544.6316244772179,1431.6325370732225,3371.9830081228292,1315.444517523058,842.9164431516074,397.6945769284637,2674.700803786757,2802.8042076290794,2158.1621399146948,2285.5743623585204,1817.768467371754,1931.9030094312202,3633.2894442558727,3209.393840605818,1998.0765097128049,862.9985561795158,1974.1854261056355,3102.591595227806,2843.289910585836,1549.8928460665531,2973.134222675747,1315.444517523058,526.9565984921625,1169.4678877971107,1226.8367986581345,1940.7327220892541,1930.2322889391576,2663.0623704726936,2274.999981288106,2469.031950702987,1936.7967622332228,1817.768467371754,915.0133615884301,1066.6074023354688,3115.047478888302,0.0,2610.693213234739,1804.5682183076758,2087.7147023016973,977.7921116923804,2415.5986844492977,2195.333120985576,2943.303985271159,2887.1964385373626,2068.0558365270817
64.まいばすけっと北11条西4丁目店,2600.9254731837846,2272.697861358346,1840.6805594489506,2030.913175349337,1507.317152407133,4413.82638231172,2219.9602895918865,3458.0190962302277,1355.1760759051347,1289.2143627458254,4371.498882076982,2083.8907388093667,2088.151326959531,2097.4538891427446,3313.2454470378207,2713.722762300977,1610.8040993404277,1615.5382346184579,1470.1035596914865,3269.331301682664,2379.975453319112,1756.279609337505,2460.8175511632667,322.5510833650867,193.89035563854532,452.5472185362375,579.9594409800633,1357.9273930840227,1215.8722507028676,2891.168012792258,2736.4610528115727,1687.4321127655317,3201.359281207871,4568.812681393341,2992.9992750932884,879.8447194877531,1362.4617105201867,1267.0772175082711,2379.975453319112,2079.2131539516827,2848.768993667292,2063.3868915695984,1753.3015865428877,1748.125961111222,2224.766333741629,1832.177224474211,2030.7359139719224,699.804481930049,1357.9273930840227,2325.887319912046,3130.849933247917,3100.2964465150017,2601.155038242948,0.0,3473.185993807544,1900.283566755331,2647.2709860852992,709.9837630708405,1752.510364171681,1926.5545303170857,2413.876659387687,1089.7447598902547
65.コープさっぽろそうえん店,2310.104384384956,4529.599123132994,4453.50147862473,3730.545237509232,4063.688075057127,1794.2761240357988,2696.051349620437,2114.9504377478233,3571.365260654495,3370.848445026104,1834.5274862157319,3287.371886636238,4045.6405503845745,4308.465222394762,1486.9985638385538,3126.0175590407043,3568.293322765471,3318.4743725659555,2673.0910017699134,5041.993386251085,1203.0369637492784,1974.1022981417434,1406.8736413792124,3505.2460478583853,3633.349451700707,2988.7073839863224,3116.119606430148,3319.339688652701,3173.361474127911,5164.090031335162,4979.451928484495,3768.1345975914815,2372.027659364782,1949.2624231174198,4820.635666871151,3673.8351546574636,3319.95093394523,3803.6794667473746,1203.0369637492784,1535.7029411445753,635.4884707340553,3016.5832093055537,3710.790809967931,3705.6151845362656,4435.777666993647,4045.0580691667833,4241.74724722394,2974.364809611322,3319.339688652701,1149.843251347493,762.7881620954205,4785.057857016558,1805.15450379017,3441.238457306367,0.0,3857.7727901803746,828.1078092902482,3246.1439285209253,3965.3912088642533,4184.762449967851,4657.25452641604,3309.5143012237736
67.札幌三越,1698.7340802189162,1228.769464982417,2588.709227181365,391.6254203209961,2002.524001131052,3247.8778765756133,1312.636053615237,1880.3688714170785,1061.4821179190194,862.9172420665725,3061.883242330738,718.525717594272,187.86776020419978,450.69243221438757,2522.5213699198785,1121.0703583712277,421.1435865537385,678.7352546470112,1322.5061836061482,1398.1025684331914,2987.7968239569595,2033.2007238909694,2609.811997135868,2117.5837777731713,2091.988680258803,1589.5635301671916,1574.7588349882442,694.7615654970342,820.7252762189395,2320.9398820086894,1132.0682329149172,465.71465804832746,1623.29164980012,3245.843030141548,1095.6715697101702,1873.6111124562606,674.4668944414732,2000.4129270116596,2987.7968239569595,2472.444751601126,3362.338893294984,996.3150346130913,300.1429109001807,288.7263184779779,578.004876813272,480.83114518372054,383.97445704356534,1342.3062667733802,694.7615654970342,2846.9871787186867,3257.9639294919975,1236.2160842836058,2212.3643012477487,2042.1107487034294,3995.3193091649027,0.0,3168.3708448919397,1454.9762079386378,401.1642848811904,1673.5741033290665,939.4069650947362,1064.9735160780529
68.エアリービル,1495.3754147024406,3702.0476151966905,3668.7650616012215,2906.48582092844,3278.9516580336185,2178.5116345187057,1868.4998416841333,1328.0103642084257,2743.8137527181907,2543.2969370897995,2156.0162040708465,2459.8203786999343,3218.0890424482704,3480.9137144584583,1171.0470025155394,2325.614535281389,2740.741814829167,2490.922864629652,1845.5394938336096,4303.087006226775,851.1391478437738,1146.5507902054396,580.0975347639168,2720.5096308348766,2848.6130346771984,2203.9709669628137,2331.3831894066393,2491.7881807163967,2345.809966191607,4336.538523398858,4151.9004205481915,2940.5830896551774,1583.3969021863377,2333.497933600327,4033.6955933317513,2889.098737633955,2492.399426008926,3018.943049723866,851.1391478437738,708.1514332082711,579.6424310327093,2189.0317013692493,2883.239302031627,2878.0636765999616,3608.2261590573426,3217.5065612304793,3414.195739287636,2189.6283925878133,2491.7881807163967,450.7079919091459,984.7500318061805,4046.1514769922474,978.3783971748742,2656.502040282858,828.107809290248,3030.2212822440706,0.0,2461.4075114974166,3137.8397009279493,3357.210942031547,3829.703018479736,2481.962793287469
69.札幌駅北口さつきた8・1前,2405.8309443983426,1572.9557933286767,1207.3575501038044,1835.8025013477022,817.5441465362017,4218.731853526277,2024.865760806445,3262.9245674447857,655.4340078754651,589.472294716156,4176.404353291539,1888.7800648077316,1396.848203705354,1397.7118211130748,3118.1509182523787,2518.6282335155356,1186.963432601978,1420.4275606168233,1274.992885689852,2569.5892336529946,2184.8809245336706,1561.1850805520635,2265.7230223778247,1032.2386024358775,645.4824573451682,257.43654453460294,130.02432209077716,913.9949478227558,788.4363717229313,2206.1400436547274,2036.7189847819025,987.690044735862,3006.264752422429,4373.7181526078975,2490.7525547491714,428.20987369111634,1167.351036518552,557.5355382264491,2184.8809245336706,1884.1186251662411,2653.674464881851,1868.2762175679636,1309.3254330570128,1480.04336694912,1525.0242657119595,1132.4351564445415,1330.9938459422528,504.69380792841434,913.9949478227558,2130.7927911266042,2935.755404462475,2631.297069322607,2406.0605094575067,709.9837630708405,3278.091465022102,1451.6141568965716,2452.1764572998572,0.0,1052.7682961420114,1226.812462287416,1714.1345913580174,390.00269186058506
70.カナモトホール,1837.282832548047,828.1572839039861,2188.0970461029337,790.4712810755562,1602.0810390674187,3404.0798348230787,1451.1848059443678,2274.1669517452356,661.0391558553864,858.5416411504189,3223.2836544381466,857.0744699234026,344.0799075633429,344.9435249710638,2674.5489004782453,1519.9162191257878,558.301704433707,817.284006976142,1460.6164696389135,1516.8209375109836,3125.311671247994,2171.7494762201004,2748.3607494649987,2249.0819417685516,1953.7666042624699,1563.948981435737,1436.5367589919113,810.9999320807544,957.8833940989081,1920.3277009302585,1014.0607196202413,457.5106148740076,2017.0897301282769,3407.2434422489564,1437.9842586071607,1473.1681503926275,811.6250123214418,1599.9699649480262,3125.311671247994,2609.95959889216,3507.3836997649664,1134.8637869422219,438.6916632293115,427.27507080710865,472.2559695699482,79.66686030253015,278.22554980024165,1473.80443076876,810.9999320807544,2984.5020260097212,3410.0318372600977,1578.5287731805963,2350.9130535768795,2016.4961999719749,4133.437200119279,398.8458607545602,3305.885692182974,1316.7541319423049,0.0,1273.1311412654334,691.8633175517863,926.7514400817199
71.北ガスアリーナ札幌46,2689.052084820592,731.6909476821731,954.5369831225412,2065.0238029948737,484.4336087888614,4519.134057723187,2302.9540582169125,3543.4916787746847,613.3971893133564,813.9140049417475,4475.625170514638,2126.399196952852,1618.63242948266,1356.0921824362304,3526.318152750791,2794.468741045106,1409.3155453391787,1658.0466927619432,1515.6111574885283,2547.3647252593355,3180.306359097609,2230.5490426359224,2813.749901491744,2271.795247714942,1889.3286930399338,1499.6769331912735,1372.2647107474477,1137.4684343973022,1012.8780819485229,979.3275813673112,980.913872229496,1209.474270513168,3286.4144571577262,4674.120356804808,2578.97610172032,1082.2574476651787,1404.970168663672,717.9035660066365,3180.306359097609,2664.954286741775,3562.3783876145812,2105.8953497130838,1531.6775457942135,1701.8275927264258,1745.6007105454098,1354.2193822218474,1552.7780717195587,1527.2739259562475,1137.4684343973022,3039.496713859336,3483.7822835763945,2719.005559340022,2948.7392527640595,1952.2241517275113,4188.431887968893,1673.3983826738774,3360.8803800325886,1252.4820836978413,1274.5525219193173,0.0,898.8669335941665,878.9764022312011
72.大通東４丁目北海道新聞社前,2249.0948729638144,669.497458667799,2029.257778258547,1200.3849609851366,1492.813797460628,3815.8918752388463,1862.996846360135,2685.9789921610027,972.228053348022,1171.2000114923978,3635.0956948539138,1268.88651033917,751.5392048905362,488.7145328803485,3086.3609408940133,1929.829899035368,970.0102600419973,1229.096047391909,1871.2422180907054,1679.094528931847,3535.937419699786,2583.5615166358666,3160.172789880766,2648.6421197605864,2264.9555017551056,1875.1378789283726,1747.7256564845468,1221.4790333724136,1368.5091425507,1658.9243497885493,451.7667770753719,770.1689852159867,2428.901770544044,3819.0554826647235,1710.7059053928315,1459.1043197108233,1222.6788059417106,1490.7027233412355,3535.937419699786,3020.585347343952,3918.0094482167583,1546.6758273579892,850.5037036450785,839.0871112228757,878.0204106811499,491.4789007182972,685.6848471274351,1883.895858949833,1221.4790333724136,3395.127774461513,3821.8438776758658,1850.7353630125335,2762.7250939926466,2327.6850974646104,4544.06294857107,810.6579011703272,3716.5114406347657,1627.9430294349404,835.2472366221361,1158.3467739755117,0.0,1237.9403375743555
73.札幌TRビル,2075.5759063854607,1223.6651784933795,1589.212641982055,1453.236885356983,941.501704224092,3892.478176093457,1689.477879781781,2930.015500339553,265.43131601487994,199.46960285557077,3850.1506758587193,1512.92301851772,1006.8455118447691,1007.7091292524901,2788.328706639849,2181.43684563017,796.9607407413928,1044.5705143268117,901.1667554023512,2179.58654179241,2302.4572683711594,1352.6999519094732,1935.9008107652944,1412.2958432553417,1027.0151641807502,637.1975413540172,509.78531891019145,523.9922559621706,398.43367986234614,1857.8092400055568,1676.826323901668,597.6873528752769,2672.9382787225945,4047.4644751750784,2100.749862888587,812.5888155493005,791.4939902285405,939.3906301046995,2302.4572683711594,1787.1051960153263,2684.5292968881326,1492.419171277952,919.3227411964278,1090.040675088535,1135.0215738513746,742.4324645839565,940.991154081668,648.2975237250464,523.9922559621706,2161.647623132886,2605.933192849945,2241.2943774620226,2076.2382978449764,1089.7447598902547,3310.582797242444,1061.6114650359866,2483.031289306139,390.0026918605851,662.7656042814264,878.4816586382458,1354.6289218332129,0.0
